{
    "Anthracnose": {
        "precision": 1.0,
        "recall": 0.9743589743589743,
        "f1-score": 0.987012987012987,
        "support": 39.0
    },
    "Bacterial_Canker": {
        "precision": 1.0,
        "recall": 1.0,
        "f1-score": 1.0,
        "support": 40.0
    },
    "Bacterial_Spot": {
        "precision": 0.9523809523809523,
        "recall": 1.0,
        "f1-score": 0.975609756097561,
        "support": 40.0
    },
    "Cutting_Weevil": {
        "precision": 1.0,
        "recall": 1.0,
        "f1-score": 1.0,
        "support": 40.0
    },
    "Die_Back": {
        "precision": 1.0,
        "recall": 1.0,
        "f1-score": 1.0,
        "support": 41.0
    },
    "Gall_Midge": {
        "precision": 0.9743589743589743,
        "recall": 0.95,
        "f1-score": 0.9620253164556962,
        "support": 40.0
    },
    "Healthy": {
        "precision": 1.0,
        "recall": 1.0,
        "f1-score": 1.0,
        "support": 40.0
    },
    "Powdery_Mildew": {
        "precision": 1.0,
        "recall": 0.975,
        "f1-score": 0.9873417721518988,
        "support": 40.0
    },
    "Sooty_Mould": {
        "precision": 0.975609756097561,
        "recall": 1.0,
        "f1-score": 0.9876543209876543,
        "support": 40.0
    },
    "accuracy": 0.9888888888888889,
    "macro avg": {
        "precision": 0.989149964759721,
        "recall": 0.9888176638176639,
        "f1-score": 0.9888493503006441,
        "support": 360.0
    },
    "weighted avg": {
        "precision": 0.9891499647597208,
        "recall": 0.9888888888888889,
        "f1-score": 0.9888854253367193,
        "support": 360.0
    }
}