{
    "Anthracnose": {
        "precision": 1.0,
        "recall": 0.9743589743589743,
        "f1-score": 0.987012987012987,
        "support": 39.0
    },
    "Bacterial_Canker": {
        "precision": 1.0,
        "recall": 1.0,
        "f1-score": 1.0,
        "support": 40.0
    },
    "Bacterial_Spot": {
        "precision": 1.0,
        "recall": 0.975,
        "f1-score": 0.9873417721518988,
        "support": 40.0
    },
    "Cutting_Weevil": {
        "precision": 1.0,
        "recall": 1.0,
        "f1-score": 1.0,
        "support": 40.0
    },
    "Die_Back": {
        "precision": 0.9761904761904762,
        "recall": 1.0,
        "f1-score": 0.9879518072289156,
        "support": 41.0
    },
    "Gall_Midge": {
        "precision": 1.0,
        "recall": 1.0,
        "f1-score": 1.0,
        "support": 40.0
    },
    "Healthy": {
        "precision": 1.0,
        "recall": 1.0,
        "f1-score": 1.0,
        "support": 40.0
    },
    "Powdery_Mildew": {
        "precision": 0.975609756097561,
        "recall": 1.0,
        "f1-score": 0.9876543209876543,
        "support": 40.0
    },
    "Sooty_Mould": {
        "precision": 1.0,
        "recall": 1.0,
        "f1-score": 1.0,
        "support": 40.0
    },
    "accuracy": 0.9944444444444445,
    "macro avg": {
        "precision": 0.9946444702542263,
        "recall": 0.9943732193732193,
        "f1-score": 0.9944400985979394,
        "support": 360.0
    },
    "weighted avg": {
        "precision": 0.9945783326880887,
        "recall": 0.9944444444444445,
        "f1-score": 0.9944427064318726,
        "support": 360.0
    }
}