{
    "Anthracnose": {
        "precision": 1.0,
        "recall": 1.0,
        "f1-score": 1.0,
        "support": 39.0
    },
    "Bacterial_Canker": {
        "precision": 1.0,
        "recall": 1.0,
        "f1-score": 1.0,
        "support": 40.0
    },
    "Bacterial_Spot": {
        "precision": 1.0,
        "recall": 0.975,
        "f1-score": 0.9873417721518988,
        "support": 40.0
    },
    "Cutting_Weevil": {
        "precision": 1.0,
        "recall": 1.0,
        "f1-score": 1.0,
        "support": 40.0
    },
    "Die_Back": {
        "precision": 1.0,
        "recall": 1.0,
        "f1-score": 1.0,
        "support": 41.0
    },
    "Gall_Midge": {
        "precision": 0.975609756097561,
        "recall": 1.0,
        "f1-score": 0.9876543209876543,
        "support": 40.0
    },
    "Healthy": {
        "precision": 1.0,
        "recall": 1.0,
        "f1-score": 1.0,
        "support": 40.0
    },
    "Powdery_Mildew": {
        "precision": 1.0,
        "recall": 1.0,
        "f1-score": 1.0,
        "support": 40.0
    },
    "Sooty_Mould": {
        "precision": 1.0,
        "recall": 1.0,
        "f1-score": 1.0,
        "support": 40.0
    },
    "accuracy": 0.9972222222222222,
    "macro avg": {
        "precision": 0.9972899728997291,
        "recall": 0.9972222222222222,
        "f1-score": 0.9972217881266169,
        "support": 360.0
    },
    "weighted avg": {
        "precision": 0.997289972899729,
        "recall": 0.9972222222222222,
        "f1-score": 0.9972217881266171,
        "support": 360.0
    }
}