{
    "Anthracnose": {
        "precision": 0.9142857142857143,
        "recall": 0.8205128205128205,
        "f1-score": 0.8648648648648649,
        "support": 39.0
    },
    "Bacterial_Canker": {
        "precision": 0.8918918918918919,
        "recall": 0.825,
        "f1-score": 0.8571428571428571,
        "support": 40.0
    },
    "Bacterial_Spot": {
        "precision": 0.9047619047619048,
        "recall": 0.95,
        "f1-score": 0.926829268292683,
        "support": 40.0
    },
    "Cutting_Weevil": {
        "precision": 1.0,
        "recall": 1.0,
        "f1-score": 1.0,
        "support": 40.0
    },
    "Die_Back": {
        "precision": 0.8913043478260869,
        "recall": 1.0,
        "f1-score": 0.9425287356321839,
        "support": 41.0
    },
    "Gall_Midge": {
        "precision": 0.896551724137931,
        "recall": 0.65,
        "f1-score": 0.7536231884057971,
        "support": 40.0
    },
    "Healthy": {
        "precision": 0.8478260869565217,
        "recall": 0.975,
        "f1-score": 0.9069767441860465,
        "support": 40.0
    },
    "Powdery_Mildew": {
        "precision": 0.8333333333333334,
        "recall": 0.875,
        "f1-score": 0.8536585365853658,
        "support": 40.0
    },
    "Sooty_Mould": {
        "precision": 0.8372093023255814,
        "recall": 0.9,
        "f1-score": 0.8674698795180723,
        "support": 40.0
    },
    "accuracy": 0.8888888888888888,
    "macro avg": {
        "precision": 0.8907960339465517,
        "recall": 0.8883903133903135,
        "f1-score": 0.8858993416253189,
        "support": 360.0
    },
    "weighted avg": {
        "precision": 0.8907321968174973,
        "recall": 0.8888888888888888,
        "f1-score": 0.8861150745996724,
        "support": 360.0
    }
}